,Links
0,javascript:void(0)
1,https://ofertas.vw.com.br/
2,http://vwbr.com.br/acessorios
3,https://vwapps.volkswagen.com.br/Servicebook
4,https://vwapps.volkswagen.com.br/selodigital
5,https://vwapps.volkswagen.com.br/etiquetas-seguranca/
6,https://vwapps.volkswagen.com.br/Recall
7,https://reparadorvw.com.br/
8,https://www.volkswagencollection.com.br/
9,http://volkswagen.carclick.com.br/
10,https://www.vwsignanddrive.com.br/
11,https://store.vw.com.br/
12,https://relatostar.com.br/2020/
13,https://relatostar.com.br/2019/
14,https://www.relatostar.com.br/
15,https://store.vw.com.br/
16,https://ofertas.vw.com.br/
17,https://www.vwsignanddrive.com.br/
18,https://play.google.com/store/apps/details?id=com.wv.experience
19,https://apps.apple.com/us/app/vw-experience/id1513966616?l=pt&ls=1
20,https://loja.mercadolivre.com.br/volkswagen
21,
22,
23,http://vwbr.com.br/acessorios
24,http://vwbr.com.br/acessorios
25,http://vwbr.com.br/acessorios
26,http://vwbr.com.br/acessorios
27,http://vwbr.com.br/acessorios
28,http://vwbr.com.br/acessorios
29,
30,
31,https://www.vwfs.com.br/Automoveis/Seguros/automovel.html
32,https://www.vwfs.com.br/Automoveis/Seguros/automovel.html
33,https://www.vwfs.com.br/Automoveis/Seguros/automovel.html
34,https://www.vwfs.com.br/Automoveis/Seguros/automovel.html
35,https://www.vwfs.com.br/Automoveis/Seguros/automovel.html
36,https://www.vwfs.com.br/Automoveis/Seguros/automovel.html
37,https://ofertas.vw.com.br/
38,https://ofertas.vw.com.br/
39,https://ofertas.vw.com.br/
40,https://ofertas.vw.com.br/
41,https://ofertas.vw.com.br/
42,https://ofertas.vw.com.br/
43,https://ofertas.vw.com.br/
44,https://ofertas.vw.com.br/
45,https://vwapps.volkswagen.com.br/Servicebook
46,https://vwapps.volkswagen.com.br/Servicebook
47,https://vwapps.volkswagen.com.br/Servicebook
48,http://vwbr.com.br/acessorios
49,http://vwbr.com.br/acessorios
50,http://vwbr.com.br/acessorios
51,https://vwapps.volkswagen.com.br/Recall
52,https://vwapps.volkswagen.com.br/Recall
53,https://vwapps.volkswagen.com.br/Recall
54,https://vwapps.volkswagen.com.br/Servicebook
55,https://vwapps.volkswagen.com.br/Servicebook
56,https://vwapps.volkswagen.com.br/Servicebook
57,http://vwbr.com.br/acessorios
58,http://vwbr.com.br/acessorios
59,http://vwbr.com.br/acessorios
60,https://vwapps.volkswagen.com.br/Recall
61,https://vwapps.volkswagen.com.br/Recall
62,https://vwapps.volkswagen.com.br/Recall
63,https://www.vwnews.com.br/
64,https://www.volkswagencollection.com.br/
65,https://fundacaogrupovw.org.br/
66,https://pt-br.facebook.com/volkswagendobrasil/
67,https://www.instagram.com/vwbrasil/?hl=pt-br
68,https://twitter.com/vwbrasil
69,https://br.linkedin.com/company/volkswagen-do-brasil
70,https://www.youtube.com/user/volkswagendobrasil
